date,value,memo
2026-03-02,1462.11,ECB reference rate (Frankfurter)
2026-03-03,1478.5,ECB reference rate (Frankfurter)
2026-03-04,1464.8,ECB reference rate (Frankfurter)
2026-03-05,1475.79,ECB reference rate (Frankfurter)
2026-03-06,1485.18,ECB reference rate (Frankfurter)
2026-03-09,1485.12,ECB reference rate (Frankfurter)
2026-03-10,1470.12,ECB reference rate (Frankfurter)
2026-03-11,1477.11,ECB reference rate (Frankfurter)
2026-03-12,1480.84,ECB reference rate (Frankfurter)
2026-03-13,1491.7,ECB reference rate (Frankfurter)
2026-03-16,1490.75,ECB reference rate (Frankfurter)
2026-03-17,1487.18,ECB reference rate (Frankfurter)
2026-03-18,1503.55,ECB reference rate (Frankfurter)
2026-03-19,1501.61,ECB reference rate (Frankfurter)
2026-03-20,1500.8,ECB reference rate (Frankfurter)
2026-03-23,1487.52,ECB reference rate (Frankfurter)
2026-03-24,1498.86,ECB reference rate (Frankfurter)
2026-03-25,1497.53,ECB reference rate (Frankfurter)
2026-03-26,1506.32,ECB reference rate (Frankfurter)
2026-03-27,1511.5,ECB reference rate (Frankfurter)
2026-03-30,1517.7,ECB reference rate (Frankfurter)
2026-03-31,1524.8,ECB reference rate (Frankfurter)
2026-04-01,1504.81,ECB reference rate (Frankfurter)
2026-04-02,1516.65,ECB reference rate (Frankfurter)
2026-04-07,1497.41,ECB reference rate (Frankfurter)
2026-04-08,1474.23,ECB reference rate (Frankfurter)
2026-04-09,1479.49,ECB reference rate (Frankfurter)
2026-04-10,1483.27,ECB reference rate (Frankfurter)
2026-04-13,1489.95,ECB reference rate (Frankfurter)
2026-04-14,1470.52,ECB reference rate (Frankfurter)
2026-04-15,1477.1,ECB reference rate (Frankfurter)
2026-04-16,1476.51,ECB reference rate (Frankfurter)
2026-04-17,1478.99,ECB reference rate (Frankfurter)
2026-04-20,1470.25,ECB reference rate (Frankfurter)
2026-04-21,1469.85,ECB reference rate (Frankfurter)
2026-04-22,1478.05,ECB reference rate (Frankfurter)
2026-04-23,1479.36,ECB reference rate (Frankfurter)
2026-04-24,1477.04,ECB reference rate (Frankfurter)
2026-04-27,1471.22,ECB reference rate (Frankfurter)
2026-04-28,1476.89,ECB reference rate (Frankfurter)
2026-04-29,1478.38,ECB reference rate (Frankfurter)
2026-04-30,1477.0,ECB reference rate (Frankfurter)
2026-05-04,1472.03,ECB reference rate (Frankfurter)
2026-05-05,1472.95,ECB reference rate (Frankfurter)
2026-05-06,1448.1,ECB reference rate (Frankfurter)
2026-05-07,1450.64,ECB reference rate (Frankfurter)
2026-05-08,1466.78,ECB reference rate (Frankfurter)
2026-05-11,1472.9,ECB reference rate (Frankfurter)
2026-05-12,1488.87,ECB reference rate (Frankfurter)
2026-05-13,1488.58,ECB reference rate (Frankfurter)
2026-05-14,1491.73,ECB reference rate (Frankfurter)
2026-05-15,1499.62,ECB reference rate (Frankfurter)
2026-05-18,1497.8,ECB reference rate (Frankfurter)
2026-05-19,1508.75,ECB reference rate (Frankfurter)
2026-05-20,1505.44,ECB reference rate (Frankfurter)
2026-05-21,1508.74,ECB reference rate (Frankfurter)
2026-05-22,1517.55,ECB reference rate (Frankfurter)
2026-05-25,1513.75,ECB reference rate (Frankfurter)
2026-05-26,1505.3,ECB reference rate (Frankfurter)
2026-05-27,1499.7,ECB reference rate (Frankfurter)
2026-05-28,1502.83,ECB reference rate (Frankfurter)
2026-05-29,1506.27,ECB reference rate (Frankfurter)
2026-06-01,1508.64,ECB reference rate (Frankfurter)
2026-06-02,1517.15,ECB reference rate (Frankfurter)
2026-06-03,1530.99,ECB reference rate (Frankfurter)
2026-06-04,1532.52,ECB reference rate (Frankfurter)
2026-06-05,1540.93,ECB reference rate (Frankfurter)
2026-06-08,1527.95,ECB reference rate (Frankfurter)
2026-06-09,1525.48,ECB reference rate (Frankfurter)
2026-06-10,1524.5,ECB reference rate (Frankfurter)
2026-06-11,1529.53,ECB reference rate (Frankfurter)
2026-06-12,1520.21,ECB reference rate (Frankfurter)
2026-06-15,1514.3,ECB reference rate (Frankfurter)
2026-06-16,1508.85,ECB reference rate (Frankfurter)
2026-06-17,1517.08,ECB reference rate (Frankfurter)
2026-06-18,1538.89,ECB reference rate (Frankfurter)
2026-06-19,1532.31,ECB reference rate (Frankfurter)
2026-06-22,1537.08,ECB reference rate (Frankfurter)
2026-06-23,1536.15,ECB reference rate (Frankfurter)
2026-06-24,1546.43,ECB reference rate (Frankfurter)
2026-06-25,1542.92,ECB reference rate (Frankfurter)
2026-06-26,1536.47,ECB reference rate (Frankfurter)
2026-06-29,1543.75,ECB reference rate (Frankfurter)
2026-06-30,1550.89,ECB reference rate (Frankfurter)
2026-07-01,1558.09,ECB reference rate (Frankfurter)
2026-07-02,1548.85,ECB reference rate (Frankfurter)
2026-07-03,1531.23,ECB reference rate (Frankfurter)
2026-07-06,1531.07,ECB reference rate (Frankfurter)
2026-07-07,1514.45,ECB reference rate (Frankfurter)
2026-07-08,1509.08,ECB reference rate (Frankfurter)
2026-07-09,1512.45,ECB reference rate (Frankfurter)
2026-07-10,1504.92,ECB reference rate (Frankfurter)
2026-07-13,1494.09,ECB reference rate (Frankfurter)
2026-07-14,1495.49,ECB reference rate (Frankfurter)
2026-07-15,1492.17,ECB reference rate (Frankfurter)
2026-07-16,1479.45,ECB reference rate (Frankfurter)
2026-07-17,1485.32,ECB reference rate (Frankfurter)
2026-07-20,1481.18,ECB reference rate (Frankfurter)
2026-07-21,1478.4,ECB reference rate (Frankfurter)
2026-07-22,1480.35,ECB reference rate (Frankfurter)
2026-07-23,1472.72,ECB reference rate (Frankfurter)
2026-07-24,1461.0,ECB reference rate (Frankfurter)
2026-07-27,1470.11,ECB reference rate (Frankfurter)
2026-07-28,1459.45,ECB reference rate (Frankfurter)
2026-07-29,1452.35,ECB reference rate (Frankfurter)
2026-07-30,1433.7,ECB reference rate (Frankfurter)
2026-07-31,1443.61,ECB reference rate (Frankfurter)
2026-08-03,1427.05,ECB reference rate (Frankfurter)
2026-08-04,1427.11,ECB reference rate (Frankfurter)
2026-08-05,1423.72,ECB reference rate (Frankfurter)
2026-08-06,1423.57,ECB reference rate (Frankfurter)
2026-08-07,1415.95,ECB reference rate (Frankfurter)
2026-08-10,1416.62,ECB reference rate (Frankfurter)
2026-08-11,1412.17,ECB reference rate (Frankfurter)
2026-08-12,1417.13,ECB reference rate (Frankfurter)
2026-08-13,1420.29,ECB reference rate (Frankfurter)
2026-08-14,1411.27,ECB reference rate (Frankfurter)
2026-08-17,1411.91,ECB reference rate (Frankfurter)
2026-08-18,1410.07,ECB reference rate (Frankfurter)
2026-08-19,1391.48,ECB reference rate (Frankfurter)
2026-08-20,1396.35,ECB reference rate (Frankfurter)
2026-08-21,1384.23,ECB reference rate (Frankfurter)
2026-08-24,1384.26,ECB reference rate (Frankfurter)
2026-08-25,1383.07,ECB reference rate (Frankfurter)
2026-08-26,1383.49,ECB reference rate (Frankfurter)
2026-08-27,1380.38,ECB reference rate (Frankfurter)
2026-08-28,1374.55,ECB reference rate (Frankfurter)
2026-08-31,1368.03,ECB reference rate (Frankfurter)
2026-09-01,1374.61,ECB reference rate (Frankfurter)
2026-09-02,1362.56,ECB reference rate (Frankfurter)
2026-09-03,1357.29,ECB reference rate (Frankfurter)
2026-09-04,1350.35,ECB reference rate (Frankfurter)
2026-09-07,1347.93,ECB reference rate (Frankfurter)
2026-09-08,1341.67,ECB reference rate (Frankfurter)
2026-09-09,1336.2,ECB reference rate (Frankfurter)
2026-09-10,1343.8,ECB reference rate (Frankfurter)
2026-09-11,1342.79,ECB reference rate (Frankfurter)
2026-09-14,1346.24,ECB reference rate (Frankfurter)
2026-09-15,1359.15,ECB reference rate (Frankfurter)
2026-09-16,1367.8,ECB reference rate (Frankfurter)
2026-09-17,1382.55,ECB reference rate (Frankfurter)
2026-09-18,1388.1,ECB reference rate (Frankfurter)
2026-09-21,1372.18,ECB reference rate (Frankfurter)
2026-09-22,1356.15,ECB reference rate (Frankfurter)
2026-09-23,1365.35,ECB reference rate (Frankfurter)
2026-09-24,1368.6,ECB reference rate (Frankfurter)
